file_path,label,load_hp,fault_diameter_mils,warnings
..\..\data\raw\12k_Drive_End_Bearing_Fault_Data\B\028\3005_0.mat,B,0,28.0,"VONG_BI_NTN: đường kính 28 mils dùng vòng bi NTN, KHÔNG dùng hình học SKF 6205 để tính BPFO/BPFI/BSF."
..\..\data\raw\12k_Drive_End_Bearing_Fault_Data\B\028\3006_1.mat,B,1,28.0,"VONG_BI_NTN: đường kính 28 mils dùng vòng bi NTN, KHÔNG dùng hình học SKF 6205 để tính BPFO/BPFI/BSF."
..\..\data\raw\12k_Drive_End_Bearing_Fault_Data\B\028\3007_2.mat,B,2,28.0,"VONG_BI_NTN: đường kính 28 mils dùng vòng bi NTN, KHÔNG dùng hình học SKF 6205 để tính BPFO/BPFI/BSF."
..\..\data\raw\12k_Drive_End_Bearing_Fault_Data\B\028\3008_3.mat,B,3,28.0,"VONG_BI_NTN: đường kính 28 mils dùng vòng bi NTN, KHÔNG dùng hình học SKF 6205 để tính BPFO/BPFI/BSF."
..\..\data\raw\12k_Drive_End_Bearing_Fault_Data\IR\028\3001_0.mat,IR,0,28.0,"VONG_BI_NTN: đường kính 28 mils dùng vòng bi NTN, KHÔNG dùng hình học SKF 6205 để tính BPFO/BPFI/BSF."
..\..\data\raw\12k_Drive_End_Bearing_Fault_Data\IR\028\3002_1.mat,IR,1,28.0,"VONG_BI_NTN: đường kính 28 mils dùng vòng bi NTN, KHÔNG dùng hình học SKF 6205 để tính BPFO/BPFI/BSF."
..\..\data\raw\12k_Drive_End_Bearing_Fault_Data\IR\028\3003_2.mat,IR,2,28.0,"VONG_BI_NTN: đường kính 28 mils dùng vòng bi NTN, KHÔNG dùng hình học SKF 6205 để tính BPFO/BPFI/BSF."
..\..\data\raw\12k_Drive_End_Bearing_Fault_Data\IR\028\3004_3.mat,IR,3,28.0,"VONG_BI_NTN: đường kính 28 mils dùng vòng bi NTN, KHÔNG dùng hình học SKF 6205 để tính BPFO/BPFI/BSF."
..\..\data\raw\12k_Drive_End_Bearing_Fault_Data\OR\007\@12\156_0.mat,OR,0,7.0,OR_NGOAI_PHAM_VI: vị trí 'Opposite' khác phạm vi đã chốt ('Centered').
..\..\data\raw\12k_Drive_End_Bearing_Fault_Data\OR\007\@12\158_1.mat,OR,1,7.0,OR_NGOAI_PHAM_VI: vị trí 'Opposite' khác phạm vi đã chốt ('Centered').
..\..\data\raw\12k_Drive_End_Bearing_Fault_Data\OR\007\@12\159_2.mat,OR,2,7.0,OR_NGOAI_PHAM_VI: vị trí 'Opposite' khác phạm vi đã chốt ('Centered').
..\..\data\raw\12k_Drive_End_Bearing_Fault_Data\OR\007\@12\160_3.mat,OR,3,7.0,OR_NGOAI_PHAM_VI: vị trí 'Opposite' khác phạm vi đã chốt ('Centered').
..\..\data\raw\12k_Drive_End_Bearing_Fault_Data\OR\007\@3\144_0.mat,OR,0,7.0,OR_NGOAI_PHAM_VI: vị trí 'Orthogonal' khác phạm vi đã chốt ('Centered').
..\..\data\raw\12k_Drive_End_Bearing_Fault_Data\OR\007\@3\145_1.mat,OR,1,7.0,OR_NGOAI_PHAM_VI: vị trí 'Orthogonal' khác phạm vi đã chốt ('Centered').
..\..\data\raw\12k_Drive_End_Bearing_Fault_Data\OR\007\@3\146_2.mat,OR,2,7.0,OR_NGOAI_PHAM_VI: vị trí 'Orthogonal' khác phạm vi đã chốt ('Centered').
..\..\data\raw\12k_Drive_End_Bearing_Fault_Data\OR\007\@3\147_3.mat,OR,3,7.0,OR_NGOAI_PHAM_VI: vị trí 'Orthogonal' khác phạm vi đã chốt ('Centered').
..\..\data\raw\12k_Drive_End_Bearing_Fault_Data\OR\021\@12\258_0.mat,OR,0,21.0,OR_NGOAI_PHAM_VI: vị trí 'Opposite' khác phạm vi đã chốt ('Centered').
..\..\data\raw\12k_Drive_End_Bearing_Fault_Data\OR\021\@12\259_1.mat,OR,1,21.0,OR_NGOAI_PHAM_VI: vị trí 'Opposite' khác phạm vi đã chốt ('Centered').
..\..\data\raw\12k_Drive_End_Bearing_Fault_Data\OR\021\@12\260_2.mat,OR,2,21.0,OR_NGOAI_PHAM_VI: vị trí 'Opposite' khác phạm vi đã chốt ('Centered').
..\..\data\raw\12k_Drive_End_Bearing_Fault_Data\OR\021\@12\261_3.mat,OR,3,21.0,OR_NGOAI_PHAM_VI: vị trí 'Opposite' khác phạm vi đã chốt ('Centered').
..\..\data\raw\12k_Drive_End_Bearing_Fault_Data\OR\021\@3\246_0.mat,OR,0,21.0,OR_NGOAI_PHAM_VI: vị trí 'Orthogonal' khác phạm vi đã chốt ('Centered').
..\..\data\raw\12k_Drive_End_Bearing_Fault_Data\OR\021\@3\247_1.mat,OR,1,21.0,OR_NGOAI_PHAM_VI: vị trí 'Orthogonal' khác phạm vi đã chốt ('Centered').
..\..\data\raw\12k_Drive_End_Bearing_Fault_Data\OR\021\@3\248_2.mat,OR,2,21.0,OR_NGOAI_PHAM_VI: vị trí 'Orthogonal' khác phạm vi đã chốt ('Centered').
..\..\data\raw\12k_Drive_End_Bearing_Fault_Data\OR\021\@3\249_3.mat,OR,3,21.0,OR_NGOAI_PHAM_VI: vị trí 'Orthogonal' khác phạm vi đã chốt ('Centered').
..\..\data\raw\12k_Fan_End_Bearing_Fault_Data\B\007\282_0.mat,B,0,7.0,"NGOAI_PHAM_VI_CAM_BIEN: file thuộc vị trí cảm biến 'FE', phạm vi đã chốt chỉ dùng 'DE'."
..\..\data\raw\12k_Fan_End_Bearing_Fault_Data\B\007\283_1.mat,B,1,7.0,"NGOAI_PHAM_VI_CAM_BIEN: file thuộc vị trí cảm biến 'FE', phạm vi đã chốt chỉ dùng 'DE'."
..\..\data\raw\12k_Fan_End_Bearing_Fault_Data\B\007\284_2.mat,B,2,7.0,"NGOAI_PHAM_VI_CAM_BIEN: file thuộc vị trí cảm biến 'FE', phạm vi đã chốt chỉ dùng 'DE'."
..\..\data\raw\12k_Fan_End_Bearing_Fault_Data\B\007\285_3.mat,B,3,7.0,"NGOAI_PHAM_VI_CAM_BIEN: file thuộc vị trí cảm biến 'FE', phạm vi đã chốt chỉ dùng 'DE'."
..\..\data\raw\12k_Fan_End_Bearing_Fault_Data\B\014\286_0.mat,B,0,14.0,"NGOAI_PHAM_VI_CAM_BIEN: file thuộc vị trí cảm biến 'FE', phạm vi đã chốt chỉ dùng 'DE'."
..\..\data\raw\12k_Fan_End_Bearing_Fault_Data\B\014\287_1.mat,B,1,14.0,"NGOAI_PHAM_VI_CAM_BIEN: file thuộc vị trí cảm biến 'FE', phạm vi đã chốt chỉ dùng 'DE'."
..\..\data\raw\12k_Fan_End_Bearing_Fault_Data\B\014\288_2.mat,B,2,14.0,"NGOAI_PHAM_VI_CAM_BIEN: file thuộc vị trí cảm biến 'FE', phạm vi đã chốt chỉ dùng 'DE'."
..\..\data\raw\12k_Fan_End_Bearing_Fault_Data\B\014\289_3.mat,B,3,14.0,"NGOAI_PHAM_VI_CAM_BIEN: file thuộc vị trí cảm biến 'FE', phạm vi đã chốt chỉ dùng 'DE'."
..\..\data\raw\12k_Fan_End_Bearing_Fault_Data\B\021\290_0.mat,B,0,21.0,"NGOAI_PHAM_VI_CAM_BIEN: file thuộc vị trí cảm biến 'FE', phạm vi đã chốt chỉ dùng 'DE'."
..\..\data\raw\12k_Fan_End_Bearing_Fault_Data\B\021\291_1.mat,B,1,21.0,"NGOAI_PHAM_VI_CAM_BIEN: file thuộc vị trí cảm biến 'FE', phạm vi đã chốt chỉ dùng 'DE'."
..\..\data\raw\12k_Fan_End_Bearing_Fault_Data\B\021\292_2.mat,B,2,21.0,"NGOAI_PHAM_VI_CAM_BIEN: file thuộc vị trí cảm biến 'FE', phạm vi đã chốt chỉ dùng 'DE'."
..\..\data\raw\12k_Fan_End_Bearing_Fault_Data\B\021\293_3.mat,B,3,21.0,"NGOAI_PHAM_VI_CAM_BIEN: file thuộc vị trí cảm biến 'FE', phạm vi đã chốt chỉ dùng 'DE'."
..\..\data\raw\12k_Fan_End_Bearing_Fault_Data\IR\007\278_0.mat,IR,0,7.0,"NGOAI_PHAM_VI_CAM_BIEN: file thuộc vị trí cảm biến 'FE', phạm vi đã chốt chỉ dùng 'DE'."
..\..\data\raw\12k_Fan_End_Bearing_Fault_Data\IR\007\279_1.mat,IR,1,7.0,"RPM_LECH: RPM file (1732) lệch >20 so với danh định tải 1HP (1772).; NGOAI_PHAM_VI_CAM_BIEN: file thuộc vị trí cảm biến 'FE', phạm vi đã chốt chỉ dùng 'DE'."
..\..\data\raw\12k_Fan_End_Bearing_Fault_Data\IR\007\280_2.mat,IR,2,7.0,"NGOAI_PHAM_VI_CAM_BIEN: file thuộc vị trí cảm biến 'FE', phạm vi đã chốt chỉ dùng 'DE'."
..\..\data\raw\12k_Fan_End_Bearing_Fault_Data\IR\007\281_3.mat,IR,3,7.0,"NGOAI_PHAM_VI_CAM_BIEN: file thuộc vị trí cảm biến 'FE', phạm vi đã chốt chỉ dùng 'DE'."
..\..\data\raw\12k_Fan_End_Bearing_Fault_Data\IR\014\274_0.mat,IR,0,14.0,"NGOAI_PHAM_VI_CAM_BIEN: file thuộc vị trí cảm biến 'FE', phạm vi đã chốt chỉ dùng 'DE'."
..\..\data\raw\12k_Fan_End_Bearing_Fault_Data\IR\014\275_1.mat,IR,1,14.0,"NGOAI_PHAM_VI_CAM_BIEN: file thuộc vị trí cảm biến 'FE', phạm vi đã chốt chỉ dùng 'DE'."
..\..\data\raw\12k_Fan_End_Bearing_Fault_Data\IR\014\276_2.mat,IR,2,14.0,"NGOAI_PHAM_VI_CAM_BIEN: file thuộc vị trí cảm biến 'FE', phạm vi đã chốt chỉ dùng 'DE'."
..\..\data\raw\12k_Fan_End_Bearing_Fault_Data\IR\014\277_3.mat,IR,3,14.0,"NGOAI_PHAM_VI_CAM_BIEN: file thuộc vị trí cảm biến 'FE', phạm vi đã chốt chỉ dùng 'DE'."
..\..\data\raw\12k_Fan_End_Bearing_Fault_Data\IR\021\270_0.mat,IR,0,21.0,"NGOAI_PHAM_VI_CAM_BIEN: file thuộc vị trí cảm biến 'FE', phạm vi đã chốt chỉ dùng 'DE'."
..\..\data\raw\12k_Fan_End_Bearing_Fault_Data\IR\021\271_1.mat,IR,1,21.0,"NGOAI_PHAM_VI_CAM_BIEN: file thuộc vị trí cảm biến 'FE', phạm vi đã chốt chỉ dùng 'DE'."
..\..\data\raw\12k_Fan_End_Bearing_Fault_Data\IR\021\272_2.mat,IR,2,21.0,"NGOAI_PHAM_VI_CAM_BIEN: file thuộc vị trí cảm biến 'FE', phạm vi đã chốt chỉ dùng 'DE'."
..\..\data\raw\12k_Fan_End_Bearing_Fault_Data\IR\021\273_3.mat,IR,3,21.0,"NGOAI_PHAM_VI_CAM_BIEN: file thuộc vị trí cảm biến 'FE', phạm vi đã chốt chỉ dùng 'DE'."
..\..\data\raw\12k_Fan_End_Bearing_Fault_Data\OR\007\@12\302_0.mat,OR,0,7.0,"OR_NGOAI_PHAM_VI: vị trí 'Opposite' khác phạm vi đã chốt ('Centered').; NGOAI_PHAM_VI_CAM_BIEN: file thuộc vị trí cảm biến 'FE', phạm vi đã chốt chỉ dùng 'DE'."
..\..\data\raw\12k_Fan_End_Bearing_Fault_Data\OR\007\@12\305_1.mat,OR,1,7.0,"OR_NGOAI_PHAM_VI: vị trí 'Opposite' khác phạm vi đã chốt ('Centered').; NGOAI_PHAM_VI_CAM_BIEN: file thuộc vị trí cảm biến 'FE', phạm vi đã chốt chỉ dùng 'DE'."
..\..\data\raw\12k_Fan_End_Bearing_Fault_Data\OR\007\@12\306_2.mat,OR,2,7.0,"OR_NGOAI_PHAM_VI: vị trí 'Opposite' khác phạm vi đã chốt ('Centered').; NGOAI_PHAM_VI_CAM_BIEN: file thuộc vị trí cảm biến 'FE', phạm vi đã chốt chỉ dùng 'DE'."
..\..\data\raw\12k_Fan_End_Bearing_Fault_Data\OR\007\@12\307_3.mat,OR,3,7.0,"OR_NGOAI_PHAM_VI: vị trí 'Opposite' khác phạm vi đã chốt ('Centered').; NGOAI_PHAM_VI_CAM_BIEN: file thuộc vị trí cảm biến 'FE', phạm vi đã chốt chỉ dùng 'DE'."
..\..\data\raw\12k_Fan_End_Bearing_Fault_Data\OR\007\@3\298_0.mat,OR,0,7.0,"OR_NGOAI_PHAM_VI: vị trí 'Orthogonal' khác phạm vi đã chốt ('Centered').; NGOAI_PHAM_VI_CAM_BIEN: file thuộc vị trí cảm biến 'FE', phạm vi đã chốt chỉ dùng 'DE'."
..\..\data\raw\12k_Fan_End_Bearing_Fault_Data\OR\007\@3\299_1.mat,OR,1,7.0,"OR_NGOAI_PHAM_VI: vị trí 'Orthogonal' khác phạm vi đã chốt ('Centered').; NGOAI_PHAM_VI_CAM_BIEN: file thuộc vị trí cảm biến 'FE', phạm vi đã chốt chỉ dùng 'DE'."
..\..\data\raw\12k_Fan_End_Bearing_Fault_Data\OR\007\@3\300_2.mat,OR,2,7.0,"OR_NGOAI_PHAM_VI: vị trí 'Orthogonal' khác phạm vi đã chốt ('Centered').; NGOAI_PHAM_VI_CAM_BIEN: file thuộc vị trí cảm biến 'FE', phạm vi đã chốt chỉ dùng 'DE'."
..\..\data\raw\12k_Fan_End_Bearing_Fault_Data\OR\007\@3\301_3.mat,OR,3,7.0,"OR_NGOAI_PHAM_VI: vị trí 'Orthogonal' khác phạm vi đã chốt ('Centered').; NGOAI_PHAM_VI_CAM_BIEN: file thuộc vị trí cảm biến 'FE', phạm vi đã chốt chỉ dùng 'DE'."
..\..\data\raw\12k_Fan_End_Bearing_Fault_Data\OR\007\@6\294_0.mat,OR,0,7.0,"NGOAI_PHAM_VI_CAM_BIEN: file thuộc vị trí cảm biến 'FE', phạm vi đã chốt chỉ dùng 'DE'."
..\..\data\raw\12k_Fan_End_Bearing_Fault_Data\OR\007\@6\295_1.mat,OR,1,7.0,"NGOAI_PHAM_VI_CAM_BIEN: file thuộc vị trí cảm biến 'FE', phạm vi đã chốt chỉ dùng 'DE'."
..\..\data\raw\12k_Fan_End_Bearing_Fault_Data\OR\007\@6\296_2.mat,OR,2,7.0,"NGOAI_PHAM_VI_CAM_BIEN: file thuộc vị trí cảm biến 'FE', phạm vi đã chốt chỉ dùng 'DE'."
..\..\data\raw\12k_Fan_End_Bearing_Fault_Data\OR\007\@6\297_3.mat,OR,3,7.0,"NGOAI_PHAM_VI_CAM_BIEN: file thuộc vị trí cảm biến 'FE', phạm vi đã chốt chỉ dùng 'DE'."
..\..\data\raw\12k_Fan_End_Bearing_Fault_Data\OR\014\@3\309_1.mat,OR,1,14.0,"OR_NGOAI_PHAM_VI: vị trí 'Orthogonal' khác phạm vi đã chốt ('Centered').; NGOAI_PHAM_VI_CAM_BIEN: file thuộc vị trí cảm biến 'FE', phạm vi đã chốt chỉ dùng 'DE'."
..\..\data\raw\12k_Fan_End_Bearing_Fault_Data\OR\014\@3\310_0.mat,OR,0,14.0,"OR_NGOAI_PHAM_VI: vị trí 'Orthogonal' khác phạm vi đã chốt ('Centered').; NGOAI_PHAM_VI_CAM_BIEN: file thuộc vị trí cảm biến 'FE', phạm vi đã chốt chỉ dùng 'DE'."
..\..\data\raw\12k_Fan_End_Bearing_Fault_Data\OR\014\@3\311_2.mat,OR,2,14.0,"OR_NGOAI_PHAM_VI: vị trí 'Orthogonal' khác phạm vi đã chốt ('Centered').; NGOAI_PHAM_VI_CAM_BIEN: file thuộc vị trí cảm biến 'FE', phạm vi đã chốt chỉ dùng 'DE'."
..\..\data\raw\12k_Fan_End_Bearing_Fault_Data\OR\014\@3\312_3.mat,OR,3,14.0,"OR_NGOAI_PHAM_VI: vị trí 'Orthogonal' khác phạm vi đã chốt ('Centered').; NGOAI_PHAM_VI_CAM_BIEN: file thuộc vị trí cảm biến 'FE', phạm vi đã chốt chỉ dùng 'DE'."
..\..\data\raw\12k_Fan_End_Bearing_Fault_Data\OR\014\@6\313_0.mat,OR,0,14.0,"NGOAI_PHAM_VI_CAM_BIEN: file thuộc vị trí cảm biến 'FE', phạm vi đã chốt chỉ dùng 'DE'."
..\..\data\raw\12k_Fan_End_Bearing_Fault_Data\OR\021\@3\316_1.mat,OR,1,21.0,"OR_NGOAI_PHAM_VI: vị trí 'Orthogonal' khác phạm vi đã chốt ('Centered').; NGOAI_PHAM_VI_CAM_BIEN: file thuộc vị trí cảm biến 'FE', phạm vi đã chốt chỉ dùng 'DE'."
..\..\data\raw\12k_Fan_End_Bearing_Fault_Data\OR\021\@3\317_2.mat,OR,2,21.0,"OR_NGOAI_PHAM_VI: vị trí 'Orthogonal' khác phạm vi đã chốt ('Centered').; NGOAI_PHAM_VI_CAM_BIEN: file thuộc vị trí cảm biến 'FE', phạm vi đã chốt chỉ dùng 'DE'."
..\..\data\raw\12k_Fan_End_Bearing_Fault_Data\OR\021\@3\318_3.mat,OR,3,21.0,"OR_NGOAI_PHAM_VI: vị trí 'Orthogonal' khác phạm vi đã chốt ('Centered').; NGOAI_PHAM_VI_CAM_BIEN: file thuộc vị trí cảm biến 'FE', phạm vi đã chốt chỉ dùng 'DE'."
..\..\data\raw\12k_Fan_End_Bearing_Fault_Data\OR\021\@6\315_0.mat,OR,0,21.0,"NGOAI_PHAM_VI_CAM_BIEN: file thuộc vị trí cảm biến 'FE', phạm vi đã chốt chỉ dùng 'DE'."
..\..\data\raw\48k_Drive_End_Bearing_Fault_Data\B\007\122_0.mat,B,0,7.0,"NGHI_NGO_SAMPLING_RATE: n_samples=244739 (12kHz->20.4s, 24kHz->10.2s, 48kHz->5.1s). Rate hợp lý nhất: 24kHz — KHÁC rate mà file tự nhận (48kHz, qua thư mục nguồn/phạm vi mục tiêu).; NGOAI_PHAM_VI_TAN_SO_KHAI_BAO: file thuộc nhóm khai báo 48.0kHz, phạm vi đã chốt chỉ dùng 12kHz."
..\..\data\raw\48k_Drive_End_Bearing_Fault_Data\B\007\123_1.mat,B,1,7.0,"NGOAI_PHAM_VI_TAN_SO_KHAI_BAO: file thuộc nhóm khai báo 48.0kHz, phạm vi đã chốt chỉ dùng 12kHz."
..\..\data\raw\48k_Drive_End_Bearing_Fault_Data\B\007\124_2.mat,B,2,7.0,"NGOAI_PHAM_VI_TAN_SO_KHAI_BAO: file thuộc nhóm khai báo 48.0kHz, phạm vi đã chốt chỉ dùng 12kHz."
..\..\data\raw\48k_Drive_End_Bearing_Fault_Data\B\007\125_3.mat,B,3,7.0,"NGOAI_PHAM_VI_TAN_SO_KHAI_BAO: file thuộc nhóm khai báo 48.0kHz, phạm vi đã chốt chỉ dùng 12kHz."
..\..\data\raw\48k_Drive_End_Bearing_Fault_Data\B\014\189_0.mat,B,0,14.0,"NGHI_NGO_SAMPLING_RATE: n_samples=249146 (12kHz->20.8s, 24kHz->10.4s, 48kHz->5.2s). Rate hợp lý nhất: 24kHz — KHÁC rate mà file tự nhận (48kHz, qua thư mục nguồn/phạm vi mục tiêu).; NGOAI_PHAM_VI_TAN_SO_KHAI_BAO: file thuộc nhóm khai báo 48.0kHz, phạm vi đã chốt chỉ dùng 12kHz."
..\..\data\raw\48k_Drive_End_Bearing_Fault_Data\B\014\190_1.mat,B,1,14.0,"NGOAI_PHAM_VI_TAN_SO_KHAI_BAO: file thuộc nhóm khai báo 48.0kHz, phạm vi đã chốt chỉ dùng 12kHz."
..\..\data\raw\48k_Drive_End_Bearing_Fault_Data\B\014\191_2.mat,B,2,14.0,"NGOAI_PHAM_VI_TAN_SO_KHAI_BAO: file thuộc nhóm khai báo 48.0kHz, phạm vi đã chốt chỉ dùng 12kHz."
..\..\data\raw\48k_Drive_End_Bearing_Fault_Data\B\014\192_3.mat,B,3,14.0,"NGOAI_PHAM_VI_TAN_SO_KHAI_BAO: file thuộc nhóm khai báo 48.0kHz, phạm vi đã chốt chỉ dùng 12kHz."
..\..\data\raw\48k_Drive_End_Bearing_Fault_Data\B\021\226_0.mat,B,0,21.0,"NGHI_NGO_SAMPLING_RATE: n_samples=243938 (12kHz->20.3s, 24kHz->10.2s, 48kHz->5.1s). Rate hợp lý nhất: 24kHz — KHÁC rate mà file tự nhận (48kHz, qua thư mục nguồn/phạm vi mục tiêu).; NGOAI_PHAM_VI_TAN_SO_KHAI_BAO: file thuộc nhóm khai báo 48.0kHz, phạm vi đã chốt chỉ dùng 12kHz."
..\..\data\raw\48k_Drive_End_Bearing_Fault_Data\B\021\227_1.mat,B,1,21.0,"NGOAI_PHAM_VI_TAN_SO_KHAI_BAO: file thuộc nhóm khai báo 48.0kHz, phạm vi đã chốt chỉ dùng 12kHz."
..\..\data\raw\48k_Drive_End_Bearing_Fault_Data\B\021\228_2.mat,B,2,21.0,"NGOAI_PHAM_VI_TAN_SO_KHAI_BAO: file thuộc nhóm khai báo 48.0kHz, phạm vi đã chốt chỉ dùng 12kHz."
..\..\data\raw\48k_Drive_End_Bearing_Fault_Data\B\021\229_3.mat,B,3,21.0,"NGOAI_PHAM_VI_TAN_SO_KHAI_BAO: file thuộc nhóm khai báo 48.0kHz, phạm vi đã chốt chỉ dùng 12kHz."
..\..\data\raw\48k_Drive_End_Bearing_Fault_Data\IR\007\109_0.mat,IR,0,7.0,"NGHI_NGO_SAMPLING_RATE: n_samples=243938 (12kHz->20.3s, 24kHz->10.2s, 48kHz->5.1s). Rate hợp lý nhất: 24kHz — KHÁC rate mà file tự nhận (48kHz, qua thư mục nguồn/phạm vi mục tiêu).; NGOAI_PHAM_VI_TAN_SO_KHAI_BAO: file thuộc nhóm khai báo 48.0kHz, phạm vi đã chốt chỉ dùng 12kHz."
..\..\data\raw\48k_Drive_End_Bearing_Fault_Data\IR\007\110_1.mat,IR,1,7.0,"NGOAI_PHAM_VI_TAN_SO_KHAI_BAO: file thuộc nhóm khai báo 48.0kHz, phạm vi đã chốt chỉ dùng 12kHz."
..\..\data\raw\48k_Drive_End_Bearing_Fault_Data\IR\007\111_2.mat,IR,2,7.0,"NGOAI_PHAM_VI_TAN_SO_KHAI_BAO: file thuộc nhóm khai báo 48.0kHz, phạm vi đã chốt chỉ dùng 12kHz."
..\..\data\raw\48k_Drive_End_Bearing_Fault_Data\IR\007\112_3.mat,IR,3,7.0,"NGOAI_PHAM_VI_TAN_SO_KHAI_BAO: file thuộc nhóm khai báo 48.0kHz, phạm vi đã chốt chỉ dùng 12kHz."
..\..\data\raw\48k_Drive_End_Bearing_Fault_Data\IR\014\174_0.mat,IR,0,14.0,"THOI_LUONG_BAT_THUONG: n_samples=63788 không khớp ~10s ở bất kỳ rate phổ biến nào đã kiểm tra (12kHz->5.3s, 24kHz->2.7s, 48kHz->1.3s) — kiểm tra file này thủ công (có thể bị cắt ngắn/hỏng, hoặc dùng sampling rate không nằm trong danh sách đã test).; NGOAI_PHAM_VI_TAN_SO_KHAI_BAO: file thuộc nhóm khai báo 48.0kHz, phạm vi đã chốt chỉ dùng 12kHz."
..\..\data\raw\48k_Drive_End_Bearing_Fault_Data\IR\014\175_1.mat,IR,1,14.0,"NGOAI_PHAM_VI_TAN_SO_KHAI_BAO: file thuộc nhóm khai báo 48.0kHz, phạm vi đã chốt chỉ dùng 12kHz."
..\..\data\raw\48k_Drive_End_Bearing_Fault_Data\IR\014\176_2.mat,IR,2,14.0,"NGOAI_PHAM_VI_TAN_SO_KHAI_BAO: file thuộc nhóm khai báo 48.0kHz, phạm vi đã chốt chỉ dùng 12kHz."
..\..\data\raw\48k_Drive_End_Bearing_Fault_Data\IR\014\177_3.mat,IR,3,14.0,"NGOAI_PHAM_VI_TAN_SO_KHAI_BAO: file thuộc nhóm khai báo 48.0kHz, phạm vi đã chốt chỉ dùng 12kHz."
..\..\data\raw\48k_Drive_End_Bearing_Fault_Data\IR\021\213_0.mat,IR,0,21.0,"NGHI_NGO_SAMPLING_RATE: n_samples=244339 (12kHz->20.4s, 24kHz->10.2s, 48kHz->5.1s). Rate hợp lý nhất: 24kHz — KHÁC rate mà file tự nhận (48kHz, qua thư mục nguồn/phạm vi mục tiêu).; NGOAI_PHAM_VI_TAN_SO_KHAI_BAO: file thuộc nhóm khai báo 48.0kHz, phạm vi đã chốt chỉ dùng 12kHz."
..\..\data\raw\48k_Drive_End_Bearing_Fault_Data\IR\021\214_1.mat,IR,1,21.0,"NGOAI_PHAM_VI_TAN_SO_KHAI_BAO: file thuộc nhóm khai báo 48.0kHz, phạm vi đã chốt chỉ dùng 12kHz."
..\..\data\raw\48k_Drive_End_Bearing_Fault_Data\IR\021\215_2.mat,IR,2,21.0,"NGOAI_PHAM_VI_TAN_SO_KHAI_BAO: file thuộc nhóm khai báo 48.0kHz, phạm vi đã chốt chỉ dùng 12kHz."
..\..\data\raw\48k_Drive_End_Bearing_Fault_Data\IR\021\217_3.mat,IR,3,21.0,"NGOAI_PHAM_VI_TAN_SO_KHAI_BAO: file thuộc nhóm khai báo 48.0kHz, phạm vi đã chốt chỉ dùng 12kHz."
..\..\data\raw\48k_Drive_End_Bearing_Fault_Data\OR\007\@12\161_0.mat,OR,0,7.0,"NGHI_NGO_SAMPLING_RATE: n_samples=129969 (12kHz->10.8s, 24kHz->5.4s, 48kHz->2.7s). Rate hợp lý nhất: 12kHz — KHÁC rate mà file tự nhận (48kHz, qua thư mục nguồn/phạm vi mục tiêu).; OR_NGOAI_PHAM_VI: vị trí 'Opposite' khác phạm vi đã chốt ('Centered').; NGOAI_PHAM_VI_TAN_SO_KHAI_BAO: file thuộc nhóm khai báo 48.0kHz, phạm vi đã chốt chỉ dùng 12kHz."
..\..\data\raw\48k_Drive_End_Bearing_Fault_Data\OR\007\@12\162_1.mat,OR,1,7.0,"OR_NGOAI_PHAM_VI: vị trí 'Opposite' khác phạm vi đã chốt ('Centered').; NGOAI_PHAM_VI_TAN_SO_KHAI_BAO: file thuộc nhóm khai báo 48.0kHz, phạm vi đã chốt chỉ dùng 12kHz."
..\..\data\raw\48k_Drive_End_Bearing_Fault_Data\OR\007\@12\163_2.mat,OR,2,7.0,"OR_NGOAI_PHAM_VI: vị trí 'Opposite' khác phạm vi đã chốt ('Centered').; NGOAI_PHAM_VI_TAN_SO_KHAI_BAO: file thuộc nhóm khai báo 48.0kHz, phạm vi đã chốt chỉ dùng 12kHz."
..\..\data\raw\48k_Drive_End_Bearing_Fault_Data\OR\007\@12\164_3.mat,OR,3,7.0,"OR_NGOAI_PHAM_VI: vị trí 'Opposite' khác phạm vi đã chốt ('Centered').; NGOAI_PHAM_VI_TAN_SO_KHAI_BAO: file thuộc nhóm khai báo 48.0kHz, phạm vi đã chốt chỉ dùng 12kHz."
..\..\data\raw\48k_Drive_End_Bearing_Fault_Data\OR\007\@3\148_0.mat,OR,0,7.0,"NGHI_NGO_SAMPLING_RATE: n_samples=124602 (12kHz->10.4s, 24kHz->5.2s, 48kHz->2.6s). Rate hợp lý nhất: 12kHz — KHÁC rate mà file tự nhận (48kHz, qua thư mục nguồn/phạm vi mục tiêu).; OR_NGOAI_PHAM_VI: vị trí 'Orthogonal' khác phạm vi đã chốt ('Centered').; NGOAI_PHAM_VI_TAN_SO_KHAI_BAO: file thuộc nhóm khai báo 48.0kHz, phạm vi đã chốt chỉ dùng 12kHz."
..\..\data\raw\48k_Drive_End_Bearing_Fault_Data\OR\007\@3\149_1.mat,OR,1,7.0,"OR_NGOAI_PHAM_VI: vị trí 'Orthogonal' khác phạm vi đã chốt ('Centered').; NGOAI_PHAM_VI_TAN_SO_KHAI_BAO: file thuộc nhóm khai báo 48.0kHz, phạm vi đã chốt chỉ dùng 12kHz."
..\..\data\raw\48k_Drive_End_Bearing_Fault_Data\OR\007\@3\150_2.mat,OR,2,7.0,"OR_NGOAI_PHAM_VI: vị trí 'Orthogonal' khác phạm vi đã chốt ('Centered').; NGOAI_PHAM_VI_TAN_SO_KHAI_BAO: file thuộc nhóm khai báo 48.0kHz, phạm vi đã chốt chỉ dùng 12kHz."
..\..\data\raw\48k_Drive_End_Bearing_Fault_Data\OR\007\@3\151_3.mat,OR,3,7.0,"OR_NGOAI_PHAM_VI: vị trí 'Orthogonal' khác phạm vi đã chốt ('Centered').; NGOAI_PHAM_VI_TAN_SO_KHAI_BAO: file thuộc nhóm khai báo 48.0kHz, phạm vi đã chốt chỉ dùng 12kHz."
..\..\data\raw\48k_Drive_End_Bearing_Fault_Data\OR\007\@6\135_0.mat,OR,0,7.0,"NGHI_NGO_SAMPLING_RATE: n_samples=243538 (12kHz->20.3s, 24kHz->10.1s, 48kHz->5.1s). Rate hợp lý nhất: 24kHz — KHÁC rate mà file tự nhận (48kHz, qua thư mục nguồn/phạm vi mục tiêu).; NGOAI_PHAM_VI_TAN_SO_KHAI_BAO: file thuộc nhóm khai báo 48.0kHz, phạm vi đã chốt chỉ dùng 12kHz."
..\..\data\raw\48k_Drive_End_Bearing_Fault_Data\OR\007\@6\136_1.mat,OR,1,7.0,"NGOAI_PHAM_VI_TAN_SO_KHAI_BAO: file thuộc nhóm khai báo 48.0kHz, phạm vi đã chốt chỉ dùng 12kHz."
..\..\data\raw\48k_Drive_End_Bearing_Fault_Data\OR\007\@6\137_2.mat,OR,2,7.0,"NGOAI_PHAM_VI_TAN_SO_KHAI_BAO: file thuộc nhóm khai báo 48.0kHz, phạm vi đã chốt chỉ dùng 12kHz."
..\..\data\raw\48k_Drive_End_Bearing_Fault_Data\OR\007\@6\138_3.mat,OR,3,7.0,"NGOAI_PHAM_VI_TAN_SO_KHAI_BAO: file thuộc nhóm khai báo 48.0kHz, phạm vi đã chốt chỉ dùng 12kHz."
..\..\data\raw\48k_Drive_End_Bearing_Fault_Data\OR\014\201@6_0.mat,OR,0,14.0,"NGHI_NGO_SAMPLING_RATE: n_samples=245140 (12kHz->20.4s, 24kHz->10.2s, 48kHz->5.1s). Rate hợp lý nhất: 24kHz — KHÁC rate mà file tự nhận (48kHz, qua thư mục nguồn/phạm vi mục tiêu).; NGOAI_PHAM_VI_TAN_SO_KHAI_BAO: file thuộc nhóm khai báo 48.0kHz, phạm vi đã chốt chỉ dùng 12kHz."
..\..\data\raw\48k_Drive_End_Bearing_Fault_Data\OR\014\202@6_1.mat,OR,1,14.0,"NGOAI_PHAM_VI_TAN_SO_KHAI_BAO: file thuộc nhóm khai báo 48.0kHz, phạm vi đã chốt chỉ dùng 12kHz."
..\..\data\raw\48k_Drive_End_Bearing_Fault_Data\OR\014\203@6_2.mat,OR,2,14.0,"NGOAI_PHAM_VI_TAN_SO_KHAI_BAO: file thuộc nhóm khai báo 48.0kHz, phạm vi đã chốt chỉ dùng 12kHz."
..\..\data\raw\48k_Drive_End_Bearing_Fault_Data\OR\014\204@6_3.mat,OR,3,14.0,"NGOAI_PHAM_VI_TAN_SO_KHAI_BAO: file thuộc nhóm khai báo 48.0kHz, phạm vi đã chốt chỉ dùng 12kHz."
..\..\data\raw\48k_Drive_End_Bearing_Fault_Data\OR\021\@12\262_0.mat,OR,0,21.0,"NGHI_NGO_SAMPLING_RATE: n_samples=130549 (12kHz->10.9s, 24kHz->5.4s, 48kHz->2.7s). Rate hợp lý nhất: 12kHz — KHÁC rate mà file tự nhận (48kHz, qua thư mục nguồn/phạm vi mục tiêu).; OR_NGOAI_PHAM_VI: vị trí 'Opposite' khác phạm vi đã chốt ('Centered').; NGOAI_PHAM_VI_TAN_SO_KHAI_BAO: file thuộc nhóm khai báo 48.0kHz, phạm vi đã chốt chỉ dùng 12kHz."
..\..\data\raw\48k_Drive_End_Bearing_Fault_Data\OR\021\@12\263_1.mat,OR,1,21.0,"OR_NGOAI_PHAM_VI: vị trí 'Opposite' khác phạm vi đã chốt ('Centered').; NGOAI_PHAM_VI_TAN_SO_KHAI_BAO: file thuộc nhóm khai báo 48.0kHz, phạm vi đã chốt chỉ dùng 12kHz."
..\..\data\raw\48k_Drive_End_Bearing_Fault_Data\OR\021\@12\264_2.mat,OR,2,21.0,"OR_NGOAI_PHAM_VI: vị trí 'Opposite' khác phạm vi đã chốt ('Centered').; NGOAI_PHAM_VI_TAN_SO_KHAI_BAO: file thuộc nhóm khai báo 48.0kHz, phạm vi đã chốt chỉ dùng 12kHz."
..\..\data\raw\48k_Drive_End_Bearing_Fault_Data\OR\021\@12\265_3.mat,OR,3,21.0,"OR_NGOAI_PHAM_VI: vị trí 'Opposite' khác phạm vi đã chốt ('Centered').; NGOAI_PHAM_VI_TAN_SO_KHAI_BAO: file thuộc nhóm khai báo 48.0kHz, phạm vi đã chốt chỉ dùng 12kHz."
..\..\data\raw\48k_Drive_End_Bearing_Fault_Data\OR\021\@3\250_0.mat,OR,0,21.0,"NGHI_NGO_SAMPLING_RATE: n_samples=128663 (12kHz->10.7s, 24kHz->5.4s, 48kHz->2.7s). Rate hợp lý nhất: 12kHz — KHÁC rate mà file tự nhận (48kHz, qua thư mục nguồn/phạm vi mục tiêu).; OR_NGOAI_PHAM_VI: vị trí 'Orthogonal' khác phạm vi đã chốt ('Centered').; NGOAI_PHAM_VI_TAN_SO_KHAI_BAO: file thuộc nhóm khai báo 48.0kHz, phạm vi đã chốt chỉ dùng 12kHz."
..\..\data\raw\48k_Drive_End_Bearing_Fault_Data\OR\021\@3\251_1.mat,OR,1,21.0,"OR_NGOAI_PHAM_VI: vị trí 'Orthogonal' khác phạm vi đã chốt ('Centered').; NGOAI_PHAM_VI_TAN_SO_KHAI_BAO: file thuộc nhóm khai báo 48.0kHz, phạm vi đã chốt chỉ dùng 12kHz."
..\..\data\raw\48k_Drive_End_Bearing_Fault_Data\OR\021\@3\252_2.mat,OR,2,21.0,"OR_NGOAI_PHAM_VI: vị trí 'Orthogonal' khác phạm vi đã chốt ('Centered').; NGOAI_PHAM_VI_TAN_SO_KHAI_BAO: file thuộc nhóm khai báo 48.0kHz, phạm vi đã chốt chỉ dùng 12kHz."
..\..\data\raw\48k_Drive_End_Bearing_Fault_Data\OR\021\@3\253_3.mat,OR,3,21.0,"OR_NGOAI_PHAM_VI: vị trí 'Orthogonal' khác phạm vi đã chốt ('Centered').; NGOAI_PHAM_VI_TAN_SO_KHAI_BAO: file thuộc nhóm khai báo 48.0kHz, phạm vi đã chốt chỉ dùng 12kHz."
..\..\data\raw\48k_Drive_End_Bearing_Fault_Data\OR\021\@6\238_0.mat,OR,0,21.0,"NGHI_NGO_SAMPLING_RATE: n_samples=246342 (12kHz->20.5s, 24kHz->10.3s, 48kHz->5.1s). Rate hợp lý nhất: 24kHz — KHÁC rate mà file tự nhận (48kHz, qua thư mục nguồn/phạm vi mục tiêu).; NGOAI_PHAM_VI_TAN_SO_KHAI_BAO: file thuộc nhóm khai báo 48.0kHz, phạm vi đã chốt chỉ dùng 12kHz."
..\..\data\raw\48k_Drive_End_Bearing_Fault_Data\OR\021\@6\239_1.mat,OR,1,21.0,"NGOAI_PHAM_VI_TAN_SO_KHAI_BAO: file thuộc nhóm khai báo 48.0kHz, phạm vi đã chốt chỉ dùng 12kHz."
..\..\data\raw\48k_Drive_End_Bearing_Fault_Data\OR\021\@6\240_2.mat,OR,2,21.0,"NGOAI_PHAM_VI_TAN_SO_KHAI_BAO: file thuộc nhóm khai báo 48.0kHz, phạm vi đã chốt chỉ dùng 12kHz."
..\..\data\raw\48k_Drive_End_Bearing_Fault_Data\OR\021\@6\241_3.mat,OR,3,21.0,"NGOAI_PHAM_VI_TAN_SO_KHAI_BAO: file thuộc nhóm khai báo 48.0kHz, phạm vi đã chốt chỉ dùng 12kHz."
..\..\data\raw\Normal\100_Normal_3.mat,Normal,3,,"NGHI_NGO_SAMPLING_RATE: n_samples=485643 (12kHz->40.5s, 24kHz->20.2s, 48kHz->10.1s). Rate hợp lý nhất: 48kHz — KHÁC rate mà file tự nhận (12kHz, qua thư mục nguồn/phạm vi mục tiêu)."
..\..\data\raw\Normal\97_Normal_0.mat,Normal,0,,"NGHI_NGO_SAMPLING_RATE: n_samples=243938 (12kHz->20.3s, 24kHz->10.2s, 48kHz->5.1s). Rate hợp lý nhất: 24kHz — KHÁC rate mà file tự nhận (12kHz, qua thư mục nguồn/phạm vi mục tiêu)."
..\..\data\raw\Normal\98_Normal_1.mat,Normal,1,,"NGHI_NGO_SAMPLING_RATE: n_samples=483903 (12kHz->40.3s, 24kHz->20.2s, 48kHz->10.1s). Rate hợp lý nhất: 48kHz — KHÁC rate mà file tự nhận (12kHz, qua thư mục nguồn/phạm vi mục tiêu)."
..\..\data\raw\Normal\99_Normal_2.mat,Normal,2,,"NGHI_NGO_SAMPLING_RATE: n_samples=485063 (12kHz->40.4s, 24kHz->20.2s, 48kHz->10.1s). Rate hợp lý nhất: 48kHz — KHÁC rate mà file tự nhận (12kHz, qua thư mục nguồn/phạm vi mục tiêu)."
